1.0,深圳,(加急)python开发工程师(有2年java经验优先)
1.3,深圳-南山区,python/django开发工程师
1.0,上海,Python后端工程师
0.8,广州,PHP/Python ERP软件开发工程师
2.4,北京-海淀区,Python服务器工程师-小米电视
1.7,北京-海淀区,Python高级工程师
1.2,深圳-南山区,python后台开发工程师
1.2,上海,Python工程师
1.2,深圳-南山区,运维开发工程师（Python开发）
1.2,深圳,Python开发工程师
1.0,上海-普陀区,python 开发工程师
2.1,深圳-龙华新区,Python开发工程师
1.0,深圳,Python工程师（爬虫方向）+包住宿+周末双休+五险一金
3.5,北京,技术总监 （大数据、数据挖掘/java/python）
1.2,深圳,Python开发工程师
1.4,上海-杨浦区,Python开发工程师
1.1,上海-徐汇区,Python开发工程师（风控方向）
1.1,上海-徐汇区,python开发工程师(Odoo)
1.3,上海-闵行区,Python开发工程师
1.2,深圳-南山区,Python开发工程师
1.7,北京,python研发工程师
0.9,北京-海淀区,python web 开发工程师
1.7,北京-海淀区,Python开发
1.9,上海-徐汇区,Python服务端高级开发工程师
1.4,上海-浦东新区,Python Developer
0.9,广州-萝岗区,Python开发工程师
1.7,上海-闵行区,高级 Python 工程师
1.2,北京,Python开发工程师
1.0,广州-越秀区,Python高级开发工程师--长期有效
1.2,上海-浦东新区,python讲师
0.9,上海-普陀区,python开发工程师
1.3,深圳-龙岗区,双休高级爬虫工程师Java程序员python高级开发工程师
1.2,深圳-南山区,Python开发工程师
1.7,北京-海淀区,Python高级开发工程师
1.2,深圳-南山区,Python工程师
1.9,北京-西城区,Python测试开发工程师
1.2,北京-西城区,中高级python开发工程师
1.9,北京,python讲师(000554)
1.1,北京-海淀区,Python 开发工程师
1.4,上海-浦东新区,Python 开发工程师
1.7,上海-黄浦区,Python开发工程师-上海-01107
0.8,北京,Python工程师（NO.测服1703）
1.8,上海-浦东新区,Python爬虫开发工程师
0.9,上海,运维工程师（python方向）
1.0,深圳,(加急)python开发工程师(有2年java经验优先)
1.3,深圳-南山区,python/django开发工程师
1.0,上海,Python后端工程师
0.8,广州,PHP/Python ERP软件开发工程师
2.4,北京-海淀区,Python服务器工程师-小米电视
1.7,北京-海淀区,Python高级工程师
1.2,深圳-南山区,python后台开发工程师
1.2,上海,Python工程师
1.2,深圳-南山区,运维开发工程师（Python开发）
1.2,深圳,Python开发工程师
1.0,上海-普陀区,python 开发工程师
2.1,深圳-龙华新区,Python开发工程师
1.0,深圳,Python工程师（爬虫方向）+包住宿+周末双休+五险一金
3.5,北京,技术总监 （大数据、数据挖掘/java/python）
1.2,深圳,Python开发工程师
1.4,上海-杨浦区,Python开发工程师
1.1,上海-徐汇区,Python开发工程师（风控方向）
1.1,上海-徐汇区,python开发工程师(Odoo)
1.3,上海-闵行区,Python开发工程师
1.2,深圳-南山区,Python开发工程师
1.7,北京,python研发工程师
0.9,北京-海淀区,python web 开发工程师
1.7,北京-海淀区,Python开发
1.9,上海-徐汇区,Python服务端高级开发工程师
1.4,上海-浦东新区,Python Developer
0.9,广州-萝岗区,Python开发工程师
1.7,上海-闵行区,高级 Python 工程师
1.2,北京,Python开发工程师
1.0,广州-越秀区,Python高级开发工程师--长期有效
1.2,上海-浦东新区,python讲师
0.9,上海-普陀区,python开发工程师
1.3,深圳-龙岗区,双休高级爬虫工程师Java程序员python高级开发工程师
1.2,深圳-南山区,Python开发工程师
1.7,北京-海淀区,Python高级开发工程师
1.2,深圳-南山区,Python工程师
1.9,北京-西城区,Python测试开发工程师
1.2,北京-西城区,中高级python开发工程师
1.9,北京,python讲师(000554)
1.1,北京-海淀区,Python 开发工程师
1.4,上海-浦东新区,Python 开发工程师
1.7,上海-黄浦区,Python开发工程师-上海-01107
0.8,北京,Python工程师（NO.测服1703）
1.8,上海-浦东新区,Python爬虫开发工程师
0.9,上海,运维工程师（python方向）
1.0,深圳,(加急)python开发工程师(有2年java经验优先)
1.3,深圳-南山区,python/django开发工程师
1.0,上海,Python后端工程师
0.8,广州,PHP/Python ERP软件开发工程师
2.4,北京-海淀区,Python服务器工程师-小米电视
1.7,北京-海淀区,Python高级工程师
1.2,深圳-南山区,python后台开发工程师
1.2,上海,Python工程师
1.2,深圳-南山区,运维开发工程师（Python开发）
1.2,深圳,Python开发工程师
1.0,上海-普陀区,python 开发工程师
2.1,深圳-龙华新区,Python开发工程师
1.0,深圳,Python工程师（爬虫方向）+包住宿+周末双休+五险一金
3.5,北京,技术总监 （大数据、数据挖掘/java/python）
1.2,深圳,Python开发工程师
1.4,上海-杨浦区,Python开发工程师
1.1,上海-徐汇区,Python开发工程师（风控方向）
1.1,上海-徐汇区,python开发工程师(Odoo)
1.3,上海-闵行区,Python开发工程师
1.2,深圳-南山区,Python开发工程师
1.7,北京,python研发工程师
0.9,北京-海淀区,python web 开发工程师
1.7,北京-海淀区,Python开发
1.9,上海-徐汇区,Python服务端高级开发工程师
1.4,上海-浦东新区,Python Developer
0.9,广州-萝岗区,Python开发工程师
1.7,上海-闵行区,高级 Python 工程师
1.2,北京,Python开发工程师
1.0,广州-越秀区,Python高级开发工程师--长期有效
1.2,上海-浦东新区,python讲师
0.9,上海-普陀区,python开发工程师
1.3,深圳-龙岗区,双休高级爬虫工程师Java程序员python高级开发工程师
1.2,深圳-南山区,Python开发工程师
1.7,北京-海淀区,Python高级开发工程师
1.2,深圳-南山区,Python工程师
1.9,北京-西城区,Python测试开发工程师
1.2,北京-西城区,中高级python开发工程师
1.9,北京,python讲师(000554)
1.1,北京-海淀区,Python 开发工程师
1.4,上海-浦东新区,Python 开发工程师
1.7,上海-黄浦区,Python开发工程师-上海-01107
0.8,北京,Python工程师（NO.测服1703）
1.8,上海-浦东新区,Python爬虫开发工程师
0.9,上海,运维工程师（python方向）
1.0,深圳,(加急)python开发工程师(有2年java经验优先)
1.3,深圳-南山区,python/django开发工程师
1.0,上海,Python后端工程师
0.8,广州,PHP/Python ERP软件开发工程师
2.4,北京-海淀区,Python服务器工程师-小米电视
1.7,北京-海淀区,Python高级工程师
1.2,深圳-南山区,python后台开发工程师
1.2,上海,Python工程师
1.2,深圳-南山区,运维开发工程师（Python开发）
1.2,深圳,Python开发工程师
1.0,上海-普陀区,python 开发工程师
2.1,深圳-龙华新区,Python开发工程师
1.0,深圳,Python工程师（爬虫方向）+包住宿+周末双休+五险一金
3.5,北京,技术总监 （大数据、数据挖掘/java/python）
1.2,深圳,Python开发工程师
1.4,上海-杨浦区,Python开发工程师
1.1,上海-徐汇区,Python开发工程师（风控方向）
1.1,上海-徐汇区,python开发工程师(Odoo)
1.3,上海-闵行区,Python开发工程师
1.2,深圳-南山区,Python开发工程师
1.7,北京,python研发工程师
0.9,北京-海淀区,python web 开发工程师
1.7,北京-海淀区,Python开发
1.9,上海-徐汇区,Python服务端高级开发工程师
1.4,上海-浦东新区,Python Developer
0.9,广州-萝岗区,Python开发工程师
1.7,上海-闵行区,高级 Python 工程师
1.2,北京,Python开发工程师
1.0,广州-越秀区,Python高级开发工程师--长期有效
1.2,上海-浦东新区,python讲师
0.9,上海-普陀区,python开发工程师
1.3,深圳-龙岗区,双休高级爬虫工程师Java程序员python高级开发工程师
1.2,深圳-南山区,Python开发工程师
1.7,北京-海淀区,Python高级开发工程师
1.2,深圳-南山区,Python工程师
1.9,北京-西城区,Python测试开发工程师
1.2,北京-西城区,中高级python开发工程师
1.9,北京,python讲师(000554)
1.1,北京-海淀区,Python 开发工程师
1.4,上海-浦东新区,Python 开发工程师
1.7,上海-黄浦区,Python开发工程师-上海-01107
0.8,北京,Python工程师（NO.测服1703）
1.8,上海-浦东新区,Python爬虫开发工程师
0.9,上海,运维工程师（python方向）
1.0,深圳,(加急)python开发工程师(有2年java经验优先)
1.3,深圳-南山区,python/django开发工程师
1.0,上海,Python后端工程师
0.8,广州,PHP/Python ERP软件开发工程师
2.4,北京-海淀区,Python服务器工程师-小米电视
1.7,北京-海淀区,Python高级工程师
1.2,深圳-南山区,python后台开发工程师
1.2,上海,Python工程师
1.2,深圳-南山区,运维开发工程师（Python开发）
1.2,深圳,Python开发工程师
1.0,上海-普陀区,python 开发工程师
2.1,深圳-龙华新区,Python开发工程师
1.0,深圳,Python工程师（爬虫方向）+包住宿+周末双休+五险一金
3.5,北京,技术总监 （大数据、数据挖掘/java/python）
1.2,深圳,Python开发工程师
1.4,上海-杨浦区,Python开发工程师
1.1,上海-徐汇区,Python开发工程师（风控方向）
1.1,上海-徐汇区,python开发工程师(Odoo)
1.3,上海-闵行区,Python开发工程师
1.2,深圳-南山区,Python开发工程师
1.7,北京,python研发工程师
0.9,北京-海淀区,python web 开发工程师
1.7,北京-海淀区,Python开发
1.9,上海-徐汇区,Python服务端高级开发工程师
1.4,上海-浦东新区,Python Developer
0.9,广州-萝岗区,Python开发工程师
1.7,上海-闵行区,高级 Python 工程师
1.2,北京,Python开发工程师
1.0,广州-越秀区,Python高级开发工程师--长期有效
1.2,上海-浦东新区,python讲师
0.9,上海-普陀区,python开发工程师
1.3,深圳-龙岗区,双休高级爬虫工程师Java程序员python高级开发工程师
1.2,深圳-南山区,Python开发工程师
1.7,北京-海淀区,Python高级开发工程师
1.2,深圳-南山区,Python工程师
1.9,北京-西城区,Python测试开发工程师
1.2,北京-西城区,中高级python开发工程师
1.9,北京,python讲师(000554)
1.1,北京-海淀区,Python 开发工程师
1.4,上海-浦东新区,Python 开发工程师
1.7,上海-黄浦区,Python开发工程师-上海-01107
0.8,北京,Python工程师（NO.测服1703）
1.8,上海-浦东新区,Python爬虫开发工程师
0.9,上海,运维工程师（python方向）
1.0,深圳,(加急)python开发工程师(有2年java经验优先)
1.3,深圳-南山区,python/django开发工程师
1.0,上海,Python后端工程师
0.8,广州,PHP/Python ERP软件开发工程师
2.4,北京-海淀区,Python服务器工程师-小米电视
1.7,北京-海淀区,Python高级工程师
1.2,深圳-南山区,python后台开发工程师
1.2,上海,Python工程师
1.2,深圳-南山区,运维开发工程师（Python开发）
1.2,深圳,Python开发工程师
1.0,上海-普陀区,python 开发工程师
2.1,深圳-龙华新区,Python开发工程师
1.0,深圳,Python工程师（爬虫方向）+包住宿+周末双休+五险一金
3.5,北京,技术总监 （大数据、数据挖掘/java/python）
1.2,深圳,Python开发工程师
1.4,上海-杨浦区,Python开发工程师
1.1,上海-徐汇区,Python开发工程师（风控方向）
1.1,上海-徐汇区,python开发工程师(Odoo)
1.3,上海-闵行区,Python开发工程师
1.2,深圳-南山区,Python开发工程师
1.7,北京,python研发工程师
0.9,北京-海淀区,python web 开发工程师
1.7,北京-海淀区,Python开发
1.9,上海-徐汇区,Python服务端高级开发工程师
1.4,上海-浦东新区,Python Developer
0.9,广州-萝岗区,Python开发工程师
1.7,上海-闵行区,高级 Python 工程师
1.2,北京,Python开发工程师
1.0,广州-越秀区,Python高级开发工程师--长期有效
1.2,上海-浦东新区,python讲师
0.9,上海-普陀区,python开发工程师
1.3,深圳-龙岗区,双休高级爬虫工程师Java程序员python高级开发工程师
1.2,深圳-南山区,Python开发工程师
1.7,北京-海淀区,Python高级开发工程师
1.2,深圳-南山区,Python工程师
1.9,北京-西城区,Python测试开发工程师
1.2,北京-西城区,中高级python开发工程师
1.9,北京,python讲师(000554)
1.1,北京-海淀区,Python 开发工程师
1.4,上海-浦东新区,Python 开发工程师
1.7,上海-黄浦区,Python开发工程师-上海-01107
0.8,北京,Python工程师（NO.测服1703）
1.8,上海-浦东新区,Python爬虫开发工程师
0.9,上海,运维工程师（python方向）
1.0,深圳,(加急)python开发工程师(有2年java经验优先)
1.3,深圳-南山区,python/django开发工程师
1.0,上海,Python后端工程师
0.8,广州,PHP/Python ERP软件开发工程师
2.4,北京-海淀区,Python服务器工程师-小米电视
1.7,北京-海淀区,Python高级工程师
1.2,深圳-南山区,python后台开发工程师
1.2,上海,Python工程师
1.2,深圳-南山区,运维开发工程师（Python开发）
1.2,深圳,Python开发工程师
1.0,上海-普陀区,python 开发工程师
2.1,深圳-龙华新区,Python开发工程师
1.0,深圳,Python工程师（爬虫方向）+包住宿+周末双休+五险一金
3.5,北京,技术总监 （大数据、数据挖掘/java/python）
1.2,深圳,Python开发工程师
1.4,上海-杨浦区,Python开发工程师
1.1,上海-徐汇区,Python开发工程师（风控方向）
1.1,上海-徐汇区,python开发工程师(Odoo)
1.3,上海-闵行区,Python开发工程师
1.2,深圳-南山区,Python开发工程师
1.7,北京,python研发工程师
0.9,北京-海淀区,python web 开发工程师
1.7,北京-海淀区,Python开发
1.9,上海-徐汇区,Python服务端高级开发工程师
1.4,上海-浦东新区,Python Developer
0.9,广州-萝岗区,Python开发工程师
1.7,上海-闵行区,高级 Python 工程师
1.2,北京,Python开发工程师
1.0,广州-越秀区,Python高级开发工程师--长期有效
1.2,上海-浦东新区,python讲师
0.9,上海-普陀区,python开发工程师
1.3,深圳-龙岗区,双休高级爬虫工程师Java程序员python高级开发工程师
1.2,深圳-南山区,Python开发工程师
1.7,北京-海淀区,Python高级开发工程师
1.2,深圳-南山区,Python工程师
1.9,北京-西城区,Python测试开发工程师
1.2,北京-西城区,中高级python开发工程师
1.9,北京,python讲师(000554)
1.1,北京-海淀区,Python 开发工程师
1.4,上海-浦东新区,Python 开发工程师
1.7,上海-黄浦区,Python开发工程师-上海-01107
0.8,北京,Python工程师（NO.测服1703）
1.8,上海-浦东新区,Python爬虫开发工程师
0.9,上海,运维工程师（python方向）
1.0,深圳,(加急)python开发工程师(有2年java经验优先)
1.3,深圳-南山区,python/django开发工程师
1.0,上海,Python后端工程师
0.8,广州,PHP/Python ERP软件开发工程师
2.4,北京-海淀区,Python服务器工程师-小米电视
1.7,北京-海淀区,Python高级工程师
1.2,深圳-南山区,python后台开发工程师
1.2,上海,Python工程师
1.2,深圳-南山区,运维开发工程师（Python开发）
1.2,深圳,Python开发工程师
1.0,上海-普陀区,python 开发工程师
2.1,深圳-龙华新区,Python开发工程师
1.0,深圳,Python工程师（爬虫方向）+包住宿+周末双休+五险一金
3.5,北京,技术总监 （大数据、数据挖掘/java/python）
1.2,深圳,Python开发工程师
1.4,上海-杨浦区,Python开发工程师
1.1,上海-徐汇区,Python开发工程师（风控方向）
1.1,上海-徐汇区,python开发工程师(Odoo)
1.3,上海-闵行区,Python开发工程师
1.2,深圳-南山区,Python开发工程师
1.7,北京,python研发工程师
0.9,北京-海淀区,python web 开发工程师
1.7,北京-海淀区,Python开发
1.9,上海-徐汇区,Python服务端高级开发工程师
1.4,上海-浦东新区,Python Developer
0.9,广州-萝岗区,Python开发工程师
1.7,上海-闵行区,高级 Python 工程师
1.2,北京,Python开发工程师
1.0,广州-越秀区,Python高级开发工程师--长期有效
1.2,上海-浦东新区,python讲师
0.9,上海-普陀区,python开发工程师
1.3,深圳-龙岗区,双休高级爬虫工程师Java程序员python高级开发工程师
1.2,深圳-南山区,Python开发工程师
1.7,北京-海淀区,Python高级开发工程师
1.2,深圳-南山区,Python工程师
1.9,北京-西城区,Python测试开发工程师
1.2,北京-西城区,中高级python开发工程师
1.9,北京,python讲师(000554)
1.1,北京-海淀区,Python 开发工程师
1.4,上海-浦东新区,Python 开发工程师
1.7,上海-黄浦区,Python开发工程师-上海-01107
0.8,北京,Python工程师（NO.测服1703）
1.8,上海-浦东新区,Python爬虫开发工程师
0.9,上海,运维工程师（python方向）
1.0,深圳,(加急)python开发工程师(有2年java经验优先)
1.3,深圳-南山区,python/django开发工程师
1.0,上海,Python后端工程师
0.8,广州,PHP/Python ERP软件开发工程师
2.4,北京-海淀区,Python服务器工程师-小米电视
1.7,北京-海淀区,Python高级工程师
1.2,深圳-南山区,python后台开发工程师
1.2,上海,Python工程师
1.2,深圳-南山区,运维开发工程师（Python开发）
1.2,深圳,Python开发工程师
1.0,上海-普陀区,python 开发工程师
2.1,深圳-龙华新区,Python开发工程师
1.0,深圳,Python工程师（爬虫方向）+包住宿+周末双休+五险一金
3.5,北京,技术总监 （大数据、数据挖掘/java/python）
1.2,深圳,Python开发工程师
1.4,上海-杨浦区,Python开发工程师
1.1,上海-徐汇区,Python开发工程师（风控方向）
1.1,上海-徐汇区,python开发工程师(Odoo)
1.3,上海-闵行区,Python开发工程师
1.2,深圳-南山区,Python开发工程师
1.7,北京,python研发工程师
0.9,北京-海淀区,python web 开发工程师
1.7,北京-海淀区,Python开发
1.9,上海-徐汇区,Python服务端高级开发工程师
1.4,上海-浦东新区,Python Developer
0.9,广州-萝岗区,Python开发工程师
1.7,上海-闵行区,高级 Python 工程师
1.2,北京,Python开发工程师
1.0,广州-越秀区,Python高级开发工程师--长期有效
1.2,上海-浦东新区,python讲师
0.9,上海-普陀区,python开发工程师
1.3,深圳-龙岗区,双休高级爬虫工程师Java程序员python高级开发工程师
1.2,深圳-南山区,Python开发工程师
1.7,北京-海淀区,Python高级开发工程师
1.2,深圳-南山区,Python工程师
1.9,北京-西城区,Python测试开发工程师
1.2,北京-西城区,中高级python开发工程师
1.9,北京,python讲师(000554)
1.1,北京-海淀区,Python 开发工程师
1.4,上海-浦东新区,Python 开发工程师
1.7,上海-黄浦区,Python开发工程师-上海-01107
0.8,北京,Python工程师（NO.测服1703）
1.8,上海-浦东新区,Python爬虫开发工程师
0.9,上海,运维工程师（python方向）
1.0,深圳,(加急)python开发工程师(有2年java经验优先)
1.3,深圳-南山区,python/django开发工程师
1.0,上海,Python后端工程师
0.8,广州,PHP/Python ERP软件开发工程师
2.4,北京-海淀区,Python服务器工程师-小米电视
1.7,北京-海淀区,Python高级工程师
1.2,深圳-南山区,python后台开发工程师
1.2,上海,Python工程师
1.2,深圳-南山区,运维开发工程师（Python开发）
1.2,深圳,Python开发工程师
1.0,上海-普陀区,python 开发工程师
2.1,深圳-龙华新区,Python开发工程师
1.0,深圳,Python工程师（爬虫方向）+包住宿+周末双休+五险一金
3.5,北京,技术总监 （大数据、数据挖掘/java/python）
1.2,深圳,Python开发工程师
1.4,上海-杨浦区,Python开发工程师
1.1,上海-徐汇区,Python开发工程师（风控方向）
1.1,上海-徐汇区,python开发工程师(Odoo)
1.3,上海-闵行区,Python开发工程师
1.2,深圳-南山区,Python开发工程师
1.7,北京,python研发工程师
0.9,北京-海淀区,python web 开发工程师
1.7,北京-海淀区,Python开发
1.9,上海-徐汇区,Python服务端高级开发工程师
1.4,上海-浦东新区,Python Developer
0.9,广州-萝岗区,Python开发工程师
1.7,上海-闵行区,高级 Python 工程师
1.2,北京,Python开发工程师
1.0,广州-越秀区,Python高级开发工程师--长期有效
1.2,上海-浦东新区,python讲师
0.9,上海-普陀区,python开发工程师
1.3,深圳-龙岗区,双休高级爬虫工程师Java程序员python高级开发工程师
1.2,深圳-南山区,Python开发工程师
1.7,北京-海淀区,Python高级开发工程师
1.2,深圳-南山区,Python工程师
1.9,北京-西城区,Python测试开发工程师
1.2,北京-西城区,中高级python开发工程师
1.9,北京,python讲师(000554)
1.1,北京-海淀区,Python 开发工程师
1.4,上海-浦东新区,Python 开发工程师
1.7,上海-黄浦区,Python开发工程师-上海-01107
0.8,北京,Python工程师（NO.测服1703）
1.8,上海-浦东新区,Python爬虫开发工程师
0.9,上海,运维工程师（python方向）
1.0,深圳,(加急)python开发工程师(有2年java经验优先)
1.3,深圳-南山区,python/django开发工程师
1.0,上海,Python后端工程师
0.8,广州,PHP/Python ERP软件开发工程师
2.4,北京-海淀区,Python服务器工程师-小米电视
1.7,北京-海淀区,Python高级工程师
1.2,深圳-南山区,python后台开发工程师
1.2,上海,Python工程师
1.2,深圳-南山区,运维开发工程师（Python开发）
1.2,深圳,Python开发工程师
1.0,上海-普陀区,python 开发工程师
2.1,深圳-龙华新区,Python开发工程师
1.0,深圳,Python工程师（爬虫方向）+包住宿+周末双休+五险一金
3.5,北京,技术总监 （大数据、数据挖掘/java/python）
1.2,深圳,Python开发工程师
1.4,上海-杨浦区,Python开发工程师
1.1,上海-徐汇区,Python开发工程师（风控方向）
1.1,上海-徐汇区,python开发工程师(Odoo)
1.3,上海-闵行区,Python开发工程师
1.2,深圳-南山区,Python开发工程师
1.7,北京,python研发工程师
0.9,北京-海淀区,python web 开发工程师
1.7,北京-海淀区,Python开发
1.9,上海-徐汇区,Python服务端高级开发工程师
1.4,上海-浦东新区,Python Developer
0.9,广州-萝岗区,Python开发工程师
1.7,上海-闵行区,高级 Python 工程师
1.2,北京,Python开发工程师
1.0,广州-越秀区,Python高级开发工程师--长期有效
1.2,上海-浦东新区,python讲师
0.9,上海-普陀区,python开发工程师
1.3,深圳-龙岗区,双休高级爬虫工程师Java程序员python高级开发工程师
1.2,深圳-南山区,Python开发工程师
1.7,北京-海淀区,Python高级开发工程师
1.2,深圳-南山区,Python工程师
1.9,北京-西城区,Python测试开发工程师
1.2,北京-西城区,中高级python开发工程师
1.9,北京,python讲师(000554)
1.1,北京-海淀区,Python 开发工程师
1.4,上海-浦东新区,Python 开发工程师
1.7,上海-黄浦区,Python开发工程师-上海-01107
0.8,北京,Python工程师（NO.测服1703）
1.8,上海-浦东新区,Python爬虫开发工程师
0.9,上海,运维工程师（python方向）
1.0,深圳,(加急)python开发工程师(有2年java经验优先)
1.3,深圳-南山区,python/django开发工程师
1.0,上海,Python后端工程师
0.8,广州,PHP/Python ERP软件开发工程师
2.4,北京-海淀区,Python服务器工程师-小米电视
1.7,北京-海淀区,Python高级工程师
1.2,深圳-南山区,python后台开发工程师
1.2,上海,Python工程师
1.2,深圳-南山区,运维开发工程师（Python开发）
1.2,深圳,Python开发工程师
1.0,上海-普陀区,python 开发工程师
2.1,深圳-龙华新区,Python开发工程师
1.0,深圳,Python工程师（爬虫方向）+包住宿+周末双休+五险一金
3.5,北京,技术总监 （大数据、数据挖掘/java/python）
1.2,深圳,Python开发工程师
1.4,上海-杨浦区,Python开发工程师
1.1,上海-徐汇区,Python开发工程师（风控方向）
1.1,上海-徐汇区,python开发工程师(Odoo)
1.3,上海-闵行区,Python开发工程师
1.2,深圳-南山区,Python开发工程师
1.7,北京,python研发工程师
0.9,北京-海淀区,python web 开发工程师
1.7,北京-海淀区,Python开发
1.9,上海-徐汇区,Python服务端高级开发工程师
1.4,上海-浦东新区,Python Developer
0.9,广州-萝岗区,Python开发工程师
1.7,上海-闵行区,高级 Python 工程师
1.2,北京,Python开发工程师
1.0,广州-越秀区,Python高级开发工程师--长期有效
1.2,上海-浦东新区,python讲师
0.9,上海-普陀区,python开发工程师
1.3,深圳-龙岗区,双休高级爬虫工程师Java程序员python高级开发工程师
1.2,深圳-南山区,Python开发工程师
1.7,北京-海淀区,Python高级开发工程师
1.2,深圳-南山区,Python工程师
1.9,北京-西城区,Python测试开发工程师
1.2,北京-西城区,中高级python开发工程师
1.9,北京,python讲师(000554)
1.1,北京-海淀区,Python 开发工程师
1.4,上海-浦东新区,Python 开发工程师
1.7,上海-黄浦区,Python开发工程师-上海-01107
0.8,北京,Python工程师（NO.测服1703）
1.8,上海-浦东新区,Python爬虫开发工程师
0.9,上海,运维工程师（python方向）
1.0,深圳,(加急)python开发工程师(有2年java经验优先)
1.3,深圳-南山区,python/django开发工程师
1.0,上海,Python后端工程师
0.8,广州,PHP/Python ERP软件开发工程师
2.4,北京-海淀区,Python服务器工程师-小米电视
1.7,北京-海淀区,Python高级工程师
1.2,深圳-南山区,python后台开发工程师
1.2,上海,Python工程师
1.2,深圳-南山区,运维开发工程师（Python开发）
1.2,深圳,Python开发工程师
1.0,上海-普陀区,python 开发工程师
2.1,深圳-龙华新区,Python开发工程师
1.0,深圳,Python工程师（爬虫方向）+包住宿+周末双休+五险一金
3.5,北京,技术总监 （大数据、数据挖掘/java/python）
1.2,深圳,Python开发工程师
1.4,上海-杨浦区,Python开发工程师
1.1,上海-徐汇区,Python开发工程师（风控方向）
1.1,上海-徐汇区,python开发工程师(Odoo)
1.3,上海-闵行区,Python开发工程师
1.2,深圳-南山区,Python开发工程师
1.7,北京,python研发工程师
0.9,北京-海淀区,python web 开发工程师
1.7,北京-海淀区,Python开发
1.9,上海-徐汇区,Python服务端高级开发工程师
1.4,上海-浦东新区,Python Developer
0.9,广州-萝岗区,Python开发工程师
1.7,上海-闵行区,高级 Python 工程师
1.2,北京,Python开发工程师
1.0,广州-越秀区,Python高级开发工程师--长期有效
1.2,上海-浦东新区,python讲师
0.9,上海-普陀区,python开发工程师
1.3,深圳-龙岗区,双休高级爬虫工程师Java程序员python高级开发工程师
1.2,深圳-南山区,Python开发工程师
1.7,北京-海淀区,Python高级开发工程师
1.2,深圳-南山区,Python工程师
1.9,北京-西城区,Python测试开发工程师
1.2,北京-西城区,中高级python开发工程师
1.9,北京,python讲师(000554)
1.1,北京-海淀区,Python 开发工程师
1.4,上海-浦东新区,Python 开发工程师
1.7,上海-黄浦区,Python开发工程师-上海-01107
0.8,北京,Python工程师（NO.测服1703）
1.8,上海-浦东新区,Python爬虫开发工程师
0.9,上海,运维工程师（python方向）
1.0,深圳,python开发
1.0,深圳,python开发
1.0,深圳,python开发
1.0,深圳,python开发
1.0,深圳,python开发
1.0,深圳,python开发
1.0,深圳,python开发
1.0,深圳,python开发
1.0,深圳,python开发
1.0,深圳,python开发
1.0,深圳,python开发
1.0,深圳,python开发
1.0,深圳,python开发
0.6,广州-天河区,Python工程师
0.5,广州-天河区,Python开发初级
0.7,深圳-福田区,初级Python开发工程师
0.5,广州-天河区,Python实习生
0.6,广州-天河区,Python工程师
0.5,广州-天河区,Python开发初级
0.7,深圳-福田区,初级Python开发工程师
0.5,广州-天河区,Python实习生
0.6,广州-天河区,Python工程师
0.5,广州-天河区,Python开发初级
0.7,深圳-福田区,初级Python开发工程师
0.5,广州-天河区,Python实习生
0.6,广州-天河区,Python工程师
0.5,广州-天河区,Python开发初级
0.7,深圳-福田区,初级Python开发工程师
0.5,广州-天河区,Python实习生
0.6,广州-天河区,Python工程师
0.5,广州-天河区,Python开发初级
0.7,深圳-福田区,初级Python开发工程师
0.5,广州-天河区,Python实习生
0.6,广州-天河区,Python工程师
0.5,广州-天河区,Python开发初级
0.7,深圳-福田区,初级Python开发工程师
0.5,广州-天河区,Python实习生
0.6,广州-天河区,Python工程师
0.5,广州-天河区,Python开发初级
0.7,深圳-福田区,初级Python开发工程师
0.5,广州-天河区,Python实习生
0.6,广州-天河区,Python工程师
0.5,广州-天河区,Python开发初级
0.7,深圳-福田区,初级Python开发工程师
0.5,广州-天河区,Python实习生
0.6,广州-天河区,Python工程师
0.5,广州-天河区,Python开发初级
0.7,深圳-福田区,初级Python开发工程师
0.5,广州-天河区,Python实习生
0.6,广州-天河区,Python工程师
0.5,广州-天河区,Python开发初级
0.7,深圳-福田区,初级Python开发工程师
0.5,广州-天河区,Python实习生
0.6,广州-天河区,Python工程师
0.5,广州-天河区,Python开发初级
0.7,深圳-福田区,初级Python开发工程师
0.5,广州-天河区,Python实习生
0.6,广州-天河区,Python工程师
0.5,广州-天河区,Python开发初级
0.7,深圳-福田区,初级Python开发工程师
0.5,广州-天河区,Python实习生
0.6,广州-天河区,Python工程师
0.5,广州-天河区,Python开发初级
0.7,深圳-福田区,初级Python开发工程师
0.5,广州-天河区,Python实习生
