0.8-1.2万/月,(加急)python开发工程师(有2年java经验优先),深圳
1-1.8万/月,python/django开发工程师,深圳-南山区
0.8-1.4万/月,Python后端工程师,上海
0.6-1万/月,PHP/Python ERP软件开发工程师,广州
2-3万/月,Python服务器工程师-小米电视,北京-海淀区
1.5-2万/月,Python高级工程师,北京-海淀区
1-1.5万/月,python后台开发工程师,深圳-南山区
1-1.5万/月,Python工程师,上海
1-1.5万/月,运维开发工程师（Python开发）,深圳-南山区
1-1.5万/月,Python开发工程师,深圳
0.6-1.5万/月,python 开发工程师,上海-普陀区
5-7千/月,Python工程师,广州-天河区
1.5-3万/月,Python开发工程师,深圳-龙华新区
0.8-1.3万/月,Python工程师（爬虫方向）+包住宿+周末双休+五险一金,深圳
,HY2-监控系统开发工程师-Python（深圳）,深圳
2.5-5万/月,技术总监 （大数据、数据挖掘/java/python）,北京
1-1.5万/月,Python开发工程师,深圳
1-2万/月,Python开发工程师,上海-杨浦区
0.8-1.5万/月,Python开发工程师（风控方向）,上海-徐汇区
0.8-1.6万/月,python开发工程师(Odoo),上海-徐汇区
1-1.8万/月,Python开发工程师,上海-闵行区
1-1.5万/月,Python开发工程师,深圳-南山区
0.8-3万/月,python研发工程师,北京
0.8-1万/月,python web 开发工程师,北京-海淀区
1.5-2万/月,Python开发,北京-海淀区
1.5-2.5万/月,Python服务端高级开发工程师,上海-徐汇区
4.5-6千/月,Python开发初级,广州-天河区
1-2万/月,Python Developer,上海-浦东新区
0.8-1万/月,Python开发工程师,广州-萝岗区
1.5-2万/月,高级 Python 工程师,上海-闵行区
1-1.5万/月,Python开发工程师,北京
0.8-1.3万/月,Python高级开发工程师--长期有效,广州-越秀区
10-15万/年,python开发,深圳
1-1.5万/月,python讲师,上海-浦东新区
0.8-1万/月,python开发工程师,上海-普陀区
1.2-1.5万/月,双休高级爬虫工程师Java程序员python高级开发工程师,深圳-龙岗区
1-1.5万/月,Python开发工程师,深圳-南山区
1.5-2万/月,Python高级开发工程师,北京-海淀区
1-1.5万/月,Python工程师,深圳-南山区
6-8千/月,初级Python开发工程师,深圳-福田区
1.5-2.5万/月,Python测试开发工程师,北京-西城区
1-1.5万/月,中高级python开发工程师,北京-西城区
1.5-2.5万/月,python讲师(000554),北京
0.8-1.5万/月,Python 开发工程师,北京-海淀区
1-2万/月,Python 开发工程师,上海-浦东新区
1.5-1.9万/月,Python开发工程师-上海-01107,上海-黄浦区
0.6-1万/月,Python工程师（NO.测服1703）,北京
4.5-6千/月,Python实习生,广州-天河区
1-3万/月,Python爬虫开发工程师,上海-浦东新区
0.7-1.2万/月,运维工程师（python方向）,上海
0.8-1.2万/月,(加急)python开发工程师(有2年java经验优先),深圳
1-1.8万/月,python/django开发工程师,深圳-南山区
0.8-1.4万/月,Python后端工程师,上海
0.6-1万/月,PHP/Python ERP软件开发工程师,广州
2-3万/月,Python服务器工程师-小米电视,北京-海淀区
1.5-2万/月,Python高级工程师,北京-海淀区
1-1.5万/月,python后台开发工程师,深圳-南山区
1-1.5万/月,Python工程师,上海
1-1.5万/月,运维开发工程师（Python开发）,深圳-南山区
1-1.5万/月,Python开发工程师,深圳
0.6-1.5万/月,python 开发工程师,上海-普陀区
5-7千/月,Python工程师,广州-天河区
1.5-3万/月,Python开发工程师,深圳-龙华新区
0.8-1.3万/月,Python工程师（爬虫方向）+包住宿+周末双休+五险一金,深圳
,HY2-监控系统开发工程师-Python（深圳）,深圳
2.5-5万/月,技术总监 （大数据、数据挖掘/java/python）,北京
1-1.5万/月,Python开发工程师,深圳
1-2万/月,Python开发工程师,上海-杨浦区
0.8-1.5万/月,Python开发工程师（风控方向）,上海-徐汇区
0.8-1.6万/月,python开发工程师(Odoo),上海-徐汇区
1-1.8万/月,Python开发工程师,上海-闵行区
1-1.5万/月,Python开发工程师,深圳-南山区
0.8-3万/月,python研发工程师,北京
0.8-1万/月,python web 开发工程师,北京-海淀区
1.5-2万/月,Python开发,北京-海淀区
1.5-2.5万/月,Python服务端高级开发工程师,上海-徐汇区
4.5-6千/月,Python开发初级,广州-天河区
1-2万/月,Python Developer,上海-浦东新区
0.8-1万/月,Python开发工程师,广州-萝岗区
1.5-2万/月,高级 Python 工程师,上海-闵行区
1-1.5万/月,Python开发工程师,北京
0.8-1.3万/月,Python高级开发工程师--长期有效,广州-越秀区
10-15万/年,python开发,深圳
1-1.5万/月,python讲师,上海-浦东新区
0.8-1万/月,python开发工程师,上海-普陀区
1.2-1.5万/月,双休高级爬虫工程师Java程序员python高级开发工程师,深圳-龙岗区
1-1.5万/月,Python开发工程师,深圳-南山区
1.5-2万/月,Python高级开发工程师,北京-海淀区
1-1.5万/月,Python工程师,深圳-南山区
6-8千/月,初级Python开发工程师,深圳-福田区
1.5-2.5万/月,Python测试开发工程师,北京-西城区
1-1.5万/月,中高级python开发工程师,北京-西城区
1.5-2.5万/月,python讲师(000554),北京
0.8-1.5万/月,Python 开发工程师,北京-海淀区
1-2万/月,Python 开发工程师,上海-浦东新区
1.5-1.9万/月,Python开发工程师-上海-01107,上海-黄浦区
0.6-1万/月,Python工程师（NO.测服1703）,北京
4.5-6千/月,Python实习生,广州-天河区
1-3万/月,Python爬虫开发工程师,上海-浦东新区
0.7-1.2万/月,运维工程师（python方向）,上海
0.8-1.2万/月,(加急)python开发工程师(有2年java经验优先),深圳
1-1.8万/月,python/django开发工程师,深圳-南山区
0.8-1.4万/月,Python后端工程师,上海
0.6-1万/月,PHP/Python ERP软件开发工程师,广州
2-3万/月,Python服务器工程师-小米电视,北京-海淀区
1.5-2万/月,Python高级工程师,北京-海淀区
1-1.5万/月,python后台开发工程师,深圳-南山区
1-1.5万/月,Python工程师,上海
1-1.5万/月,运维开发工程师（Python开发）,深圳-南山区
1-1.5万/月,Python开发工程师,深圳
0.6-1.5万/月,python 开发工程师,上海-普陀区
5-7千/月,Python工程师,广州-天河区
1.5-3万/月,Python开发工程师,深圳-龙华新区
0.8-1.3万/月,Python工程师（爬虫方向）+包住宿+周末双休+五险一金,深圳
,HY2-监控系统开发工程师-Python（深圳）,深圳
2.5-5万/月,技术总监 （大数据、数据挖掘/java/python）,北京
1-1.5万/月,Python开发工程师,深圳
1-2万/月,Python开发工程师,上海-杨浦区
0.8-1.5万/月,Python开发工程师（风控方向）,上海-徐汇区
0.8-1.6万/月,python开发工程师(Odoo),上海-徐汇区
1-1.8万/月,Python开发工程师,上海-闵行区
1-1.5万/月,Python开发工程师,深圳-南山区
0.8-3万/月,python研发工程师,北京
0.8-1万/月,python web 开发工程师,北京-海淀区
1.5-2万/月,Python开发,北京-海淀区
1.5-2.5万/月,Python服务端高级开发工程师,上海-徐汇区
4.5-6千/月,Python开发初级,广州-天河区
1-2万/月,Python Developer,上海-浦东新区
0.8-1万/月,Python开发工程师,广州-萝岗区
1.5-2万/月,高级 Python 工程师,上海-闵行区
1-1.5万/月,Python开发工程师,北京
0.8-1.3万/月,Python高级开发工程师--长期有效,广州-越秀区
10-15万/年,python开发,深圳
1-1.5万/月,python讲师,上海-浦东新区
0.8-1万/月,python开发工程师,上海-普陀区
1.2-1.5万/月,双休高级爬虫工程师Java程序员python高级开发工程师,深圳-龙岗区
1-1.5万/月,Python开发工程师,深圳-南山区
1.5-2万/月,Python高级开发工程师,北京-海淀区
1-1.5万/月,Python工程师,深圳-南山区
6-8千/月,初级Python开发工程师,深圳-福田区
1.5-2.5万/月,Python测试开发工程师,北京-西城区
1-1.5万/月,中高级python开发工程师,北京-西城区
1.5-2.5万/月,python讲师(000554),北京
0.8-1.5万/月,Python 开发工程师,北京-海淀区
1-2万/月,Python 开发工程师,上海-浦东新区
1.5-1.9万/月,Python开发工程师-上海-01107,上海-黄浦区
0.6-1万/月,Python工程师（NO.测服1703）,北京
4.5-6千/月,Python实习生,广州-天河区
1-3万/月,Python爬虫开发工程师,上海-浦东新区
0.7-1.2万/月,运维工程师（python方向）,上海
0.8-1.2万/月,(加急)python开发工程师(有2年java经验优先),深圳
1-1.8万/月,python/django开发工程师,深圳-南山区
0.8-1.4万/月,Python后端工程师,上海
0.6-1万/月,PHP/Python ERP软件开发工程师,广州
2-3万/月,Python服务器工程师-小米电视,北京-海淀区
1.5-2万/月,Python高级工程师,北京-海淀区
1-1.5万/月,python后台开发工程师,深圳-南山区
1-1.5万/月,Python工程师,上海
1-1.5万/月,运维开发工程师（Python开发）,深圳-南山区
1-1.5万/月,Python开发工程师,深圳
0.6-1.5万/月,python 开发工程师,上海-普陀区
5-7千/月,Python工程师,广州-天河区
1.5-3万/月,Python开发工程师,深圳-龙华新区
0.8-1.3万/月,Python工程师（爬虫方向）+包住宿+周末双休+五险一金,深圳
,HY2-监控系统开发工程师-Python（深圳）,深圳
2.5-5万/月,技术总监 （大数据、数据挖掘/java/python）,北京
1-1.5万/月,Python开发工程师,深圳
1-2万/月,Python开发工程师,上海-杨浦区
0.8-1.5万/月,Python开发工程师（风控方向）,上海-徐汇区
0.8-1.6万/月,python开发工程师(Odoo),上海-徐汇区
1-1.8万/月,Python开发工程师,上海-闵行区
1-1.5万/月,Python开发工程师,深圳-南山区
0.8-3万/月,python研发工程师,北京
0.8-1万/月,python web 开发工程师,北京-海淀区
1.5-2万/月,Python开发,北京-海淀区
1.5-2.5万/月,Python服务端高级开发工程师,上海-徐汇区
4.5-6千/月,Python开发初级,广州-天河区
1-2万/月,Python Developer,上海-浦东新区
0.8-1万/月,Python开发工程师,广州-萝岗区
1.5-2万/月,高级 Python 工程师,上海-闵行区
1-1.5万/月,Python开发工程师,北京
0.8-1.3万/月,Python高级开发工程师--长期有效,广州-越秀区
10-15万/年,python开发,深圳
1-1.5万/月,python讲师,上海-浦东新区
0.8-1万/月,python开发工程师,上海-普陀区
1.2-1.5万/月,双休高级爬虫工程师Java程序员python高级开发工程师,深圳-龙岗区
1-1.5万/月,Python开发工程师,深圳-南山区
1.5-2万/月,Python高级开发工程师,北京-海淀区
1-1.5万/月,Python工程师,深圳-南山区
6-8千/月,初级Python开发工程师,深圳-福田区
1.5-2.5万/月,Python测试开发工程师,北京-西城区
1-1.5万/月,中高级python开发工程师,北京-西城区
1.5-2.5万/月,python讲师(000554),北京
0.8-1.5万/月,Python 开发工程师,北京-海淀区
1-2万/月,Python 开发工程师,上海-浦东新区
1.5-1.9万/月,Python开发工程师-上海-01107,上海-黄浦区
0.6-1万/月,Python工程师（NO.测服1703）,北京
4.5-6千/月,Python实习生,广州-天河区
1-3万/月,Python爬虫开发工程师,上海-浦东新区
0.7-1.2万/月,运维工程师（python方向）,上海
0.8-1.2万/月,(加急)python开发工程师(有2年java经验优先),深圳
1-1.8万/月,python/django开发工程师,深圳-南山区
0.8-1.4万/月,Python后端工程师,上海
0.6-1万/月,PHP/Python ERP软件开发工程师,广州
2-3万/月,Python服务器工程师-小米电视,北京-海淀区
1.5-2万/月,Python高级工程师,北京-海淀区
1-1.5万/月,python后台开发工程师,深圳-南山区
1-1.5万/月,Python工程师,上海
1-1.5万/月,运维开发工程师（Python开发）,深圳-南山区
1-1.5万/月,Python开发工程师,深圳
0.6-1.5万/月,python 开发工程师,上海-普陀区
5-7千/月,Python工程师,广州-天河区
1.5-3万/月,Python开发工程师,深圳-龙华新区
0.8-1.3万/月,Python工程师（爬虫方向）+包住宿+周末双休+五险一金,深圳
,HY2-监控系统开发工程师-Python（深圳）,深圳
2.5-5万/月,技术总监 （大数据、数据挖掘/java/python）,北京
1-1.5万/月,Python开发工程师,深圳
1-2万/月,Python开发工程师,上海-杨浦区
0.8-1.5万/月,Python开发工程师（风控方向）,上海-徐汇区
0.8-1.6万/月,python开发工程师(Odoo),上海-徐汇区
1-1.8万/月,Python开发工程师,上海-闵行区
1-1.5万/月,Python开发工程师,深圳-南山区
0.8-3万/月,python研发工程师,北京
0.8-1万/月,python web 开发工程师,北京-海淀区
1.5-2万/月,Python开发,北京-海淀区
1.5-2.5万/月,Python服务端高级开发工程师,上海-徐汇区
4.5-6千/月,Python开发初级,广州-天河区
1-2万/月,Python Developer,上海-浦东新区
0.8-1万/月,Python开发工程师,广州-萝岗区
1.5-2万/月,高级 Python 工程师,上海-闵行区
1-1.5万/月,Python开发工程师,北京
0.8-1.3万/月,Python高级开发工程师--长期有效,广州-越秀区
10-15万/年,python开发,深圳
1-1.5万/月,python讲师,上海-浦东新区
0.8-1万/月,python开发工程师,上海-普陀区
1.2-1.5万/月,双休高级爬虫工程师Java程序员python高级开发工程师,深圳-龙岗区
1-1.5万/月,Python开发工程师,深圳-南山区
1.5-2万/月,Python高级开发工程师,北京-海淀区
1-1.5万/月,Python工程师,深圳-南山区
6-8千/月,初级Python开发工程师,深圳-福田区
1.5-2.5万/月,Python测试开发工程师,北京-西城区
1-1.5万/月,中高级python开发工程师,北京-西城区
1.5-2.5万/月,python讲师(000554),北京
0.8-1.5万/月,Python 开发工程师,北京-海淀区
1-2万/月,Python 开发工程师,上海-浦东新区
1.5-1.9万/月,Python开发工程师-上海-01107,上海-黄浦区
0.6-1万/月,Python工程师（NO.测服1703）,北京
4.5-6千/月,Python实习生,广州-天河区
1-3万/月,Python爬虫开发工程师,上海-浦东新区
0.7-1.2万/月,运维工程师（python方向）,上海
0.8-1.2万/月,(加急)python开发工程师(有2年java经验优先),深圳
1-1.8万/月,python/django开发工程师,深圳-南山区
0.8-1.4万/月,Python后端工程师,上海
0.6-1万/月,PHP/Python ERP软件开发工程师,广州
2-3万/月,Python服务器工程师-小米电视,北京-海淀区
1.5-2万/月,Python高级工程师,北京-海淀区
1-1.5万/月,python后台开发工程师,深圳-南山区
1-1.5万/月,Python工程师,上海
1-1.5万/月,运维开发工程师（Python开发）,深圳-南山区
1-1.5万/月,Python开发工程师,深圳
0.6-1.5万/月,python 开发工程师,上海-普陀区
5-7千/月,Python工程师,广州-天河区
1.5-3万/月,Python开发工程师,深圳-龙华新区
0.8-1.3万/月,Python工程师（爬虫方向）+包住宿+周末双休+五险一金,深圳
,HY2-监控系统开发工程师-Python（深圳）,深圳
2.5-5万/月,技术总监 （大数据、数据挖掘/java/python）,北京
1-1.5万/月,Python开发工程师,深圳
1-2万/月,Python开发工程师,上海-杨浦区
0.8-1.5万/月,Python开发工程师（风控方向）,上海-徐汇区
0.8-1.6万/月,python开发工程师(Odoo),上海-徐汇区
1-1.8万/月,Python开发工程师,上海-闵行区
1-1.5万/月,Python开发工程师,深圳-南山区
0.8-3万/月,python研发工程师,北京
0.8-1万/月,python web 开发工程师,北京-海淀区
1.5-2万/月,Python开发,北京-海淀区
1.5-2.5万/月,Python服务端高级开发工程师,上海-徐汇区
4.5-6千/月,Python开发初级,广州-天河区
1-2万/月,Python Developer,上海-浦东新区
0.8-1万/月,Python开发工程师,广州-萝岗区
1.5-2万/月,高级 Python 工程师,上海-闵行区
1-1.5万/月,Python开发工程师,北京
0.8-1.3万/月,Python高级开发工程师--长期有效,广州-越秀区
10-15万/年,python开发,深圳
1-1.5万/月,python讲师,上海-浦东新区
0.8-1万/月,python开发工程师,上海-普陀区
1.2-1.5万/月,双休高级爬虫工程师Java程序员python高级开发工程师,深圳-龙岗区
1-1.5万/月,Python开发工程师,深圳-南山区
1.5-2万/月,Python高级开发工程师,北京-海淀区
1-1.5万/月,Python工程师,深圳-南山区
6-8千/月,初级Python开发工程师,深圳-福田区
1.5-2.5万/月,Python测试开发工程师,北京-西城区
1-1.5万/月,中高级python开发工程师,北京-西城区
1.5-2.5万/月,python讲师(000554),北京
0.8-1.5万/月,Python 开发工程师,北京-海淀区
1-2万/月,Python 开发工程师,上海-浦东新区
1.5-1.9万/月,Python开发工程师-上海-01107,上海-黄浦区
0.6-1万/月,Python工程师（NO.测服1703）,北京
4.5-6千/月,Python实习生,广州-天河区
1-3万/月,Python爬虫开发工程师,上海-浦东新区
0.7-1.2万/月,运维工程师（python方向）,上海
0.8-1.2万/月,(加急)python开发工程师(有2年java经验优先),深圳
1-1.8万/月,python/django开发工程师,深圳-南山区
0.8-1.4万/月,Python后端工程师,上海
0.6-1万/月,PHP/Python ERP软件开发工程师,广州
2-3万/月,Python服务器工程师-小米电视,北京-海淀区
1.5-2万/月,Python高级工程师,北京-海淀区
1-1.5万/月,python后台开发工程师,深圳-南山区
1-1.5万/月,Python工程师,上海
1-1.5万/月,运维开发工程师（Python开发）,深圳-南山区
1-1.5万/月,Python开发工程师,深圳
0.6-1.5万/月,python 开发工程师,上海-普陀区
5-7千/月,Python工程师,广州-天河区
1.5-3万/月,Python开发工程师,深圳-龙华新区
0.8-1.3万/月,Python工程师（爬虫方向）+包住宿+周末双休+五险一金,深圳
,HY2-监控系统开发工程师-Python（深圳）,深圳
2.5-5万/月,技术总监 （大数据、数据挖掘/java/python）,北京
1-1.5万/月,Python开发工程师,深圳
1-2万/月,Python开发工程师,上海-杨浦区
0.8-1.5万/月,Python开发工程师（风控方向）,上海-徐汇区
0.8-1.6万/月,python开发工程师(Odoo),上海-徐汇区
1-1.8万/月,Python开发工程师,上海-闵行区
1-1.5万/月,Python开发工程师,深圳-南山区
0.8-3万/月,python研发工程师,北京
0.8-1万/月,python web 开发工程师,北京-海淀区
1.5-2万/月,Python开发,北京-海淀区
1.5-2.5万/月,Python服务端高级开发工程师,上海-徐汇区
4.5-6千/月,Python开发初级,广州-天河区
1-2万/月,Python Developer,上海-浦东新区
0.8-1万/月,Python开发工程师,广州-萝岗区
1.5-2万/月,高级 Python 工程师,上海-闵行区
1-1.5万/月,Python开发工程师,北京
0.8-1.3万/月,Python高级开发工程师--长期有效,广州-越秀区
10-15万/年,python开发,深圳
1-1.5万/月,python讲师,上海-浦东新区
0.8-1万/月,python开发工程师,上海-普陀区
1.2-1.5万/月,双休高级爬虫工程师Java程序员python高级开发工程师,深圳-龙岗区
1-1.5万/月,Python开发工程师,深圳-南山区
1.5-2万/月,Python高级开发工程师,北京-海淀区
1-1.5万/月,Python工程师,深圳-南山区
6-8千/月,初级Python开发工程师,深圳-福田区
1.5-2.5万/月,Python测试开发工程师,北京-西城区
1-1.5万/月,中高级python开发工程师,北京-西城区
1.5-2.5万/月,python讲师(000554),北京
0.8-1.5万/月,Python 开发工程师,北京-海淀区
1-2万/月,Python 开发工程师,上海-浦东新区
1.5-1.9万/月,Python开发工程师-上海-01107,上海-黄浦区
0.6-1万/月,Python工程师（NO.测服1703）,北京
4.5-6千/月,Python实习生,广州-天河区
1-3万/月,Python爬虫开发工程师,上海-浦东新区
0.7-1.2万/月,运维工程师（python方向）,上海
0.8-1.2万/月,(加急)python开发工程师(有2年java经验优先),深圳
1-1.8万/月,python/django开发工程师,深圳-南山区
0.8-1.4万/月,Python后端工程师,上海
0.6-1万/月,PHP/Python ERP软件开发工程师,广州
2-3万/月,Python服务器工程师-小米电视,北京-海淀区
1.5-2万/月,Python高级工程师,北京-海淀区
1-1.5万/月,python后台开发工程师,深圳-南山区
1-1.5万/月,Python工程师,上海
1-1.5万/月,运维开发工程师（Python开发）,深圳-南山区
1-1.5万/月,Python开发工程师,深圳
0.6-1.5万/月,python 开发工程师,上海-普陀区
5-7千/月,Python工程师,广州-天河区
1.5-3万/月,Python开发工程师,深圳-龙华新区
0.8-1.3万/月,Python工程师（爬虫方向）+包住宿+周末双休+五险一金,深圳
,HY2-监控系统开发工程师-Python（深圳）,深圳
2.5-5万/月,技术总监 （大数据、数据挖掘/java/python）,北京
1-1.5万/月,Python开发工程师,深圳
1-2万/月,Python开发工程师,上海-杨浦区
0.8-1.5万/月,Python开发工程师（风控方向）,上海-徐汇区
0.8-1.6万/月,python开发工程师(Odoo),上海-徐汇区
1-1.8万/月,Python开发工程师,上海-闵行区
1-1.5万/月,Python开发工程师,深圳-南山区
0.8-3万/月,python研发工程师,北京
0.8-1万/月,python web 开发工程师,北京-海淀区
1.5-2万/月,Python开发,北京-海淀区
1.5-2.5万/月,Python服务端高级开发工程师,上海-徐汇区
4.5-6千/月,Python开发初级,广州-天河区
1-2万/月,Python Developer,上海-浦东新区
0.8-1万/月,Python开发工程师,广州-萝岗区
1.5-2万/月,高级 Python 工程师,上海-闵行区
1-1.5万/月,Python开发工程师,北京
0.8-1.3万/月,Python高级开发工程师--长期有效,广州-越秀区
10-15万/年,python开发,深圳
1-1.5万/月,python讲师,上海-浦东新区
0.8-1万/月,python开发工程师,上海-普陀区
1.2-1.5万/月,双休高级爬虫工程师Java程序员python高级开发工程师,深圳-龙岗区
1-1.5万/月,Python开发工程师,深圳-南山区
1.5-2万/月,Python高级开发工程师,北京-海淀区
1-1.5万/月,Python工程师,深圳-南山区
6-8千/月,初级Python开发工程师,深圳-福田区
1.5-2.5万/月,Python测试开发工程师,北京-西城区
1-1.5万/月,中高级python开发工程师,北京-西城区
1.5-2.5万/月,python讲师(000554),北京
0.8-1.5万/月,Python 开发工程师,北京-海淀区
1-2万/月,Python 开发工程师,上海-浦东新区
1.5-1.9万/月,Python开发工程师-上海-01107,上海-黄浦区
0.6-1万/月,Python工程师（NO.测服1703）,北京
4.5-6千/月,Python实习生,广州-天河区
1-3万/月,Python爬虫开发工程师,上海-浦东新区
0.7-1.2万/月,运维工程师（python方向）,上海
0.8-1.2万/月,(加急)python开发工程师(有2年java经验优先),深圳
1-1.8万/月,python/django开发工程师,深圳-南山区
0.8-1.4万/月,Python后端工程师,上海
0.6-1万/月,PHP/Python ERP软件开发工程师,广州
2-3万/月,Python服务器工程师-小米电视,北京-海淀区
1.5-2万/月,Python高级工程师,北京-海淀区
1-1.5万/月,python后台开发工程师,深圳-南山区
1-1.5万/月,Python工程师,上海
1-1.5万/月,运维开发工程师（Python开发）,深圳-南山区
1-1.5万/月,Python开发工程师,深圳
0.6-1.5万/月,python 开发工程师,上海-普陀区
5-7千/月,Python工程师,广州-天河区
1.5-3万/月,Python开发工程师,深圳-龙华新区
0.8-1.3万/月,Python工程师（爬虫方向）+包住宿+周末双休+五险一金,深圳
,HY2-监控系统开发工程师-Python（深圳）,深圳
2.5-5万/月,技术总监 （大数据、数据挖掘/java/python）,北京
1-1.5万/月,Python开发工程师,深圳
1-2万/月,Python开发工程师,上海-杨浦区
0.8-1.5万/月,Python开发工程师（风控方向）,上海-徐汇区
0.8-1.6万/月,python开发工程师(Odoo),上海-徐汇区
1-1.8万/月,Python开发工程师,上海-闵行区
1-1.5万/月,Python开发工程师,深圳-南山区
0.8-3万/月,python研发工程师,北京
0.8-1万/月,python web 开发工程师,北京-海淀区
1.5-2万/月,Python开发,北京-海淀区
1.5-2.5万/月,Python服务端高级开发工程师,上海-徐汇区
4.5-6千/月,Python开发初级,广州-天河区
1-2万/月,Python Developer,上海-浦东新区
0.8-1万/月,Python开发工程师,广州-萝岗区
1.5-2万/月,高级 Python 工程师,上海-闵行区
1-1.5万/月,Python开发工程师,北京
0.8-1.3万/月,Python高级开发工程师--长期有效,广州-越秀区
10-15万/年,python开发,深圳
1-1.5万/月,python讲师,上海-浦东新区
0.8-1万/月,python开发工程师,上海-普陀区
1.2-1.5万/月,双休高级爬虫工程师Java程序员python高级开发工程师,深圳-龙岗区
1-1.5万/月,Python开发工程师,深圳-南山区
1.5-2万/月,Python高级开发工程师,北京-海淀区
1-1.5万/月,Python工程师,深圳-南山区
6-8千/月,初级Python开发工程师,深圳-福田区
1.5-2.5万/月,Python测试开发工程师,北京-西城区
1-1.5万/月,中高级python开发工程师,北京-西城区
1.5-2.5万/月,python讲师(000554),北京
0.8-1.5万/月,Python 开发工程师,北京-海淀区
1-2万/月,Python 开发工程师,上海-浦东新区
1.5-1.9万/月,Python开发工程师-上海-01107,上海-黄浦区
0.6-1万/月,Python工程师（NO.测服1703）,北京
4.5-6千/月,Python实习生,广州-天河区
1-3万/月,Python爬虫开发工程师,上海-浦东新区
0.7-1.2万/月,运维工程师（python方向）,上海
0.8-1.2万/月,(加急)python开发工程师(有2年java经验优先),深圳
1-1.8万/月,python/django开发工程师,深圳-南山区
0.8-1.4万/月,Python后端工程师,上海
0.6-1万/月,PHP/Python ERP软件开发工程师,广州
2-3万/月,Python服务器工程师-小米电视,北京-海淀区
1.5-2万/月,Python高级工程师,北京-海淀区
1-1.5万/月,python后台开发工程师,深圳-南山区
1-1.5万/月,Python工程师,上海
1-1.5万/月,运维开发工程师（Python开发）,深圳-南山区
1-1.5万/月,Python开发工程师,深圳
0.6-1.5万/月,python 开发工程师,上海-普陀区
5-7千/月,Python工程师,广州-天河区
1.5-3万/月,Python开发工程师,深圳-龙华新区
0.8-1.3万/月,Python工程师（爬虫方向）+包住宿+周末双休+五险一金,深圳
,HY2-监控系统开发工程师-Python（深圳）,深圳
2.5-5万/月,技术总监 （大数据、数据挖掘/java/python）,北京
1-1.5万/月,Python开发工程师,深圳
1-2万/月,Python开发工程师,上海-杨浦区
0.8-1.5万/月,Python开发工程师（风控方向）,上海-徐汇区
0.8-1.6万/月,python开发工程师(Odoo),上海-徐汇区
1-1.8万/月,Python开发工程师,上海-闵行区
1-1.5万/月,Python开发工程师,深圳-南山区
0.8-3万/月,python研发工程师,北京
0.8-1万/月,python web 开发工程师,北京-海淀区
1.5-2万/月,Python开发,北京-海淀区
1.5-2.5万/月,Python服务端高级开发工程师,上海-徐汇区
4.5-6千/月,Python开发初级,广州-天河区
1-2万/月,Python Developer,上海-浦东新区
0.8-1万/月,Python开发工程师,广州-萝岗区
1.5-2万/月,高级 Python 工程师,上海-闵行区
1-1.5万/月,Python开发工程师,北京
0.8-1.3万/月,Python高级开发工程师--长期有效,广州-越秀区
10-15万/年,python开发,深圳
1-1.5万/月,python讲师,上海-浦东新区
0.8-1万/月,python开发工程师,上海-普陀区
1.2-1.5万/月,双休高级爬虫工程师Java程序员python高级开发工程师,深圳-龙岗区
1-1.5万/月,Python开发工程师,深圳-南山区
1.5-2万/月,Python高级开发工程师,北京-海淀区
1-1.5万/月,Python工程师,深圳-南山区
6-8千/月,初级Python开发工程师,深圳-福田区
1.5-2.5万/月,Python测试开发工程师,北京-西城区
1-1.5万/月,中高级python开发工程师,北京-西城区
1.5-2.5万/月,python讲师(000554),北京
0.8-1.5万/月,Python 开发工程师,北京-海淀区
1-2万/月,Python 开发工程师,上海-浦东新区
1.5-1.9万/月,Python开发工程师-上海-01107,上海-黄浦区
0.6-1万/月,Python工程师（NO.测服1703）,北京
4.5-6千/月,Python实习生,广州-天河区
1-3万/月,Python爬虫开发工程师,上海-浦东新区
0.7-1.2万/月,运维工程师（python方向）,上海
0.8-1.2万/月,(加急)python开发工程师(有2年java经验优先),深圳
1-1.8万/月,python/django开发工程师,深圳-南山区
0.8-1.4万/月,Python后端工程师,上海
0.6-1万/月,PHP/Python ERP软件开发工程师,广州
2-3万/月,Python服务器工程师-小米电视,北京-海淀区
1.5-2万/月,Python高级工程师,北京-海淀区
1-1.5万/月,python后台开发工程师,深圳-南山区
1-1.5万/月,Python工程师,上海
1-1.5万/月,运维开发工程师（Python开发）,深圳-南山区
1-1.5万/月,Python开发工程师,深圳
0.6-1.5万/月,python 开发工程师,上海-普陀区
5-7千/月,Python工程师,广州-天河区
1.5-3万/月,Python开发工程师,深圳-龙华新区
0.8-1.3万/月,Python工程师（爬虫方向）+包住宿+周末双休+五险一金,深圳
,HY2-监控系统开发工程师-Python（深圳）,深圳
2.5-5万/月,技术总监 （大数据、数据挖掘/java/python）,北京
1-1.5万/月,Python开发工程师,深圳
1-2万/月,Python开发工程师,上海-杨浦区
0.8-1.5万/月,Python开发工程师（风控方向）,上海-徐汇区
0.8-1.6万/月,python开发工程师(Odoo),上海-徐汇区
1-1.8万/月,Python开发工程师,上海-闵行区
1-1.5万/月,Python开发工程师,深圳-南山区
0.8-3万/月,python研发工程师,北京
0.8-1万/月,python web 开发工程师,北京-海淀区
1.5-2万/月,Python开发,北京-海淀区
1.5-2.5万/月,Python服务端高级开发工程师,上海-徐汇区
4.5-6千/月,Python开发初级,广州-天河区
1-2万/月,Python Developer,上海-浦东新区
0.8-1万/月,Python开发工程师,广州-萝岗区
1.5-2万/月,高级 Python 工程师,上海-闵行区
1-1.5万/月,Python开发工程师,北京
0.8-1.3万/月,Python高级开发工程师--长期有效,广州-越秀区
10-15万/年,python开发,深圳
1-1.5万/月,python讲师,上海-浦东新区
0.8-1万/月,python开发工程师,上海-普陀区
1.2-1.5万/月,双休高级爬虫工程师Java程序员python高级开发工程师,深圳-龙岗区
1-1.5万/月,Python开发工程师,深圳-南山区
1.5-2万/月,Python高级开发工程师,北京-海淀区
1-1.5万/月,Python工程师,深圳-南山区
6-8千/月,初级Python开发工程师,深圳-福田区
1.5-2.5万/月,Python测试开发工程师,北京-西城区
1-1.5万/月,中高级python开发工程师,北京-西城区
1.5-2.5万/月,python讲师(000554),北京
0.8-1.5万/月,Python 开发工程师,北京-海淀区
1-2万/月,Python 开发工程师,上海-浦东新区
1.5-1.9万/月,Python开发工程师-上海-01107,上海-黄浦区
0.6-1万/月,Python工程师（NO.测服1703）,北京
4.5-6千/月,Python实习生,广州-天河区
1-3万/月,Python爬虫开发工程师,上海-浦东新区
0.7-1.2万/月,运维工程师（python方向）,上海
0.8-1.2万/月,(加急)python开发工程师(有2年java经验优先),深圳
1-1.8万/月,python/django开发工程师,深圳-南山区
0.8-1.4万/月,Python后端工程师,上海
0.6-1万/月,PHP/Python ERP软件开发工程师,广州
2-3万/月,Python服务器工程师-小米电视,北京-海淀区
1.5-2万/月,Python高级工程师,北京-海淀区
1-1.5万/月,python后台开发工程师,深圳-南山区
1-1.5万/月,Python工程师,上海
1-1.5万/月,运维开发工程师（Python开发）,深圳-南山区
1-1.5万/月,Python开发工程师,深圳
0.6-1.5万/月,python 开发工程师,上海-普陀区
5-7千/月,Python工程师,广州-天河区
1.5-3万/月,Python开发工程师,深圳-龙华新区
0.8-1.3万/月,Python工程师（爬虫方向）+包住宿+周末双休+五险一金,深圳
,HY2-监控系统开发工程师-Python（深圳）,深圳
2.5-5万/月,技术总监 （大数据、数据挖掘/java/python）,北京
1-1.5万/月,Python开发工程师,深圳
1-2万/月,Python开发工程师,上海-杨浦区
0.8-1.5万/月,Python开发工程师（风控方向）,上海-徐汇区
0.8-1.6万/月,python开发工程师(Odoo),上海-徐汇区
1-1.8万/月,Python开发工程师,上海-闵行区
1-1.5万/月,Python开发工程师,深圳-南山区
0.8-3万/月,python研发工程师,北京
0.8-1万/月,python web 开发工程师,北京-海淀区
1.5-2万/月,Python开发,北京-海淀区
1.5-2.5万/月,Python服务端高级开发工程师,上海-徐汇区
4.5-6千/月,Python开发初级,广州-天河区
1-2万/月,Python Developer,上海-浦东新区
0.8-1万/月,Python开发工程师,广州-萝岗区
1.5-2万/月,高级 Python 工程师,上海-闵行区
1-1.5万/月,Python开发工程师,北京
0.8-1.3万/月,Python高级开发工程师--长期有效,广州-越秀区
10-15万/年,python开发,深圳
1-1.5万/月,python讲师,上海-浦东新区
0.8-1万/月,python开发工程师,上海-普陀区
1.2-1.5万/月,双休高级爬虫工程师Java程序员python高级开发工程师,深圳-龙岗区
1-1.5万/月,Python开发工程师,深圳-南山区
1.5-2万/月,Python高级开发工程师,北京-海淀区
1-1.5万/月,Python工程师,深圳-南山区
6-8千/月,初级Python开发工程师,深圳-福田区
1.5-2.5万/月,Python测试开发工程师,北京-西城区
1-1.5万/月,中高级python开发工程师,北京-西城区
1.5-2.5万/月,python讲师(000554),北京
0.8-1.5万/月,Python 开发工程师,北京-海淀区
1-2万/月,Python 开发工程师,上海-浦东新区
1.5-1.9万/月,Python开发工程师-上海-01107,上海-黄浦区
0.6-1万/月,Python工程师（NO.测服1703）,北京
4.5-6千/月,Python实习生,广州-天河区
1-3万/月,Python爬虫开发工程师,上海-浦东新区
0.7-1.2万/月,运维工程师（python方向）,上海
0.8-1.2万/月,(加急)python开发工程师(有2年java经验优先),深圳
1-1.8万/月,python/django开发工程师,深圳-南山区
0.8-1.4万/月,Python后端工程师,上海
0.6-1万/月,PHP/Python ERP软件开发工程师,广州
2-3万/月,Python服务器工程师-小米电视,北京-海淀区
1.5-2万/月,Python高级工程师,北京-海淀区
1-1.5万/月,python后台开发工程师,深圳-南山区
1-1.5万/月,Python工程师,上海
1-1.5万/月,运维开发工程师（Python开发）,深圳-南山区
1-1.5万/月,Python开发工程师,深圳
0.6-1.5万/月,python 开发工程师,上海-普陀区
5-7千/月,Python工程师,广州-天河区
1.5-3万/月,Python开发工程师,深圳-龙华新区
0.8-1.3万/月,Python工程师（爬虫方向）+包住宿+周末双休+五险一金,深圳
,HY2-监控系统开发工程师-Python（深圳）,深圳
2.5-5万/月,技术总监 （大数据、数据挖掘/java/python）,北京
1-1.5万/月,Python开发工程师,深圳
1-2万/月,Python开发工程师,上海-杨浦区
0.8-1.5万/月,Python开发工程师（风控方向）,上海-徐汇区
0.8-1.6万/月,python开发工程师(Odoo),上海-徐汇区
1-1.8万/月,Python开发工程师,上海-闵行区
1-1.5万/月,Python开发工程师,深圳-南山区
0.8-3万/月,python研发工程师,北京
0.8-1万/月,python web 开发工程师,北京-海淀区
1.5-2万/月,Python开发,北京-海淀区
1.5-2.5万/月,Python服务端高级开发工程师,上海-徐汇区
4.5-6千/月,Python开发初级,广州-天河区
1-2万/月,Python Developer,上海-浦东新区
0.8-1万/月,Python开发工程师,广州-萝岗区
1.5-2万/月,高级 Python 工程师,上海-闵行区
1-1.5万/月,Python开发工程师,北京
0.8-1.3万/月,Python高级开发工程师--长期有效,广州-越秀区
10-15万/年,python开发,深圳
1-1.5万/月,python讲师,上海-浦东新区
0.8-1万/月,python开发工程师,上海-普陀区
1.2-1.5万/月,双休高级爬虫工程师Java程序员python高级开发工程师,深圳-龙岗区
1-1.5万/月,Python开发工程师,深圳-南山区
1.5-2万/月,Python高级开发工程师,北京-海淀区
1-1.5万/月,Python工程师,深圳-南山区
6-8千/月,初级Python开发工程师,深圳-福田区
1.5-2.5万/月,Python测试开发工程师,北京-西城区
1-1.5万/月,中高级python开发工程师,北京-西城区
1.5-2.5万/月,python讲师(000554),北京
0.8-1.5万/月,Python 开发工程师,北京-海淀区
1-2万/月,Python 开发工程师,上海-浦东新区
1.5-1.9万/月,Python开发工程师-上海-01107,上海-黄浦区
0.6-1万/月,Python工程师（NO.测服1703）,北京
4.5-6千/月,Python实习生,广州-天河区
1-3万/月,Python爬虫开发工程师,上海-浦东新区
0.7-1.2万/月,运维工程师（python方向）,上海
